{"SelectedCar":"Star GT V8","SelectedCourse":"Course 1","BestestLapTimes":["00:27.446_0","01:27.100"],"Garage3D":false,"MenuAudio":0.4000000059604645,"CuntUI":false,"TireBias":0.6614319086074829,"FinalDrive":3.261364459991455,"Aero":15.0,"SpringStiffness":6000.0,"BrakeStiffness":219.0,"Gearbox":0.0,"Dirtiness":[1.0013917684555054,0.0],"Cash":60,"IsMultiplayer":true,"IP":"","PlayerName":"fvggt"}